step,time_s,u,P,Tp,Tl
0,0,0,1016.62,21.53163636,20.55485714
1,1,0,1016.44,21.50654545,20.54942857
2,2,1,1016.64,22.20490909,20.60371429
3,3,1,1018.76,23.426,20.84257143
4,4,1,1023.76,24.54672727,21.24428571
5,5,1,1031.28,25.45836364,21.71114286
6,6,1,1040.7,26.232,22.26485714
7,7,1,1051.38,26.86763636,22.824
8,8,1,1062.78,27.40290909,23.394
9,9,1,1074.56,27.90890909,23.94771429
10,10,1,1086.26,28.36472727,24.51228571
11,11,1,1097.66,28.75363636,25.04971429
12,12,1,1108.32,29.13418182,25.56542857
13,13,1,1118.06,29.46872727,26.07571429
14,14,1,1127.22,29.78236364,26.54257143
15,15,1,1134.74,30.07927273,27.00942857
16,16,1,1140.44,30.35527273,27.45457143
17,17,1,1142.52,30.60618182,27.878
18,18,1,1140.76,30.86127273,28.28514286
19,19,0,1136.06,30.59363636,28.64885714
20,20,0,1130.86,29.71963636,28.81171429
21,21,0,1126.08,28.89163636,28.84971429
22,22,0,1121.4,28.23090909,28.81171429
23,23,0,1116.7,27.68727273,28.70314286
24,24,0,1112,27.27745455,28.562
25,25,0,1107.4,26.94290909,28.37742857
26,26,0,1102.36,26.65854545,28.18742857
27,27,0,1097.54,26.39927273,27.98657143
28,28,0,1092.06,26.19018182,27.76942857
29,29,0,1087.02,26.01036364,27.574
30,30,0,1082.06,25.87654545,27.36771429
31,31,0,1077.2,25.72181818,27.17771429
32,32,0,1072.38,25.62145455,26.98771429
33,33,0,1067.98,25.50854545,26.80314286
34,34,0,1063.84,25.38727273,26.64571429
35,35,0,1060.02,25.30781818,26.47742857
36,36,0,1056.52,25.22,26.33085714
37,37,0,1052.8,25.11963636,26.19514286
38,38,0,1049.64,25.04854545,26.05942857
39,39,0,1046.86,24.97327273,25.91828571
40,40,0,1043.88,24.90218182,25.79342857
41,41,0,1041.38,24.82690909,25.66314286
42,42,0,1039.34,24.77672727,25.54371429
43,43,0,1037.06,24.70145455,25.41885714
44,44,0,1035.06,24.63454545,25.30485714
45,45,0,1033.26,24.58436364,25.19085714
46,46,0,1031.72,24.51745455,25.08228571
47,47,0,1030.14,24.45890909,24.99542857
48,48,0,1028.72,24.39618182,24.88142857
49,49,0,1027.26,24.346,24.78371429
50,50,0,1025.98,24.3,24.686
51,51,1,1024.98,24.83527273,24.63171429
52,52,1,1026.08,26.03127273,24.77285714
53,53,1,1030.56,27.11018182,25.08228571
54,54,1,1037.72,28.01763636,25.46771429
55,55,1,1046.72,28.75363636,25.91828571
56,56,1,1056.96,29.37672727,26.37971429
57,57,1,1069.06,29.91618182,26.91714286
58,58,1,1080.36,30.326,27.41114286
59,59,1,1091.22,30.73581818,27.89971429
60,60,1,1101.66,31.03690909,28.35028571
61,61,1,1110.64,31.32963636,28.79
62,62,1,1112.36,31.61818182,29.19714286
63,63,1,1116.32,31.86072727,29.58257143
64,64,1,1120.4,32.09490909,29.94085714
65,65,1,1124.5,32.35,30.272
66,66,1,1128.68,32.59254545,30.58142857
67,67,1,1132.84,32.80581818,30.84742857
68,68,1,1136.68,33.05254545,31.11342857
69,69,1,1140.66,33.29090909,31.34142857
70,70,1,1144.56,33.46654545,31.58028571
71,71,1,1148.94,33.67563636,31.792
72,72,1,1153.92,33.85127273,31.99828571
73,73,1,1158.08,34.052,32.21
74,74,1,1164.12,34.26945455,32.41628571
75,75,1,1169.38,34.47436364,32.60085714
76,76,1,1175.42,34.60818182,32.79085714
77,77,1,1182.2,34.73781818,33.01342857
78,78,1,1188.76,34.87581818,33.20885714
79,79,0,1192.82,34.58727273,33.39885714
80,80,0,1197.3,33.62127273,33.502
81,81,0,1197.7,32.70545455,33.55628571
82,82,0,1191.8,32.01545455,33.51285714
83,83,0,1185.68,31.46345455,33.44771429
84,84,0,1178.2,31.02018182,33.33914286
85,85,0,1171.48,30.62290909,33.20885714
86,86,0,1163.4,30.30090909,33.02428571
87,87,0,1156.64,30.05418182,32.818
88,88,0,1151.08,29.78236364,32.60628571
89,89,0,1146.7,29.58581818,32.37285714
90,90,0,1141.92,29.41436364,32.17742857
91,91,0,1138.06,29.24709091,31.95485714
92,92,0,1134.38,29.07981818,31.74314286
93,93,0,1130.8,28.96690909,31.526
94,94,0,1127.94,28.81636364,31.34142857
95,95,0,1124.82,28.68254545,31.13514286
96,96,0,1121.68,28.55709091,30.96685714
97,97,0,1118.9,28.43581818,30.77142857
98,98,1,1118.24,28.91672727,30.59771429
99,99,1,1121.4,29.94545455,30.59771429
100,100,1,1125.7,30.89054545,30.70085714
101,101,1,1130.72,31.706,30.87457143
102,102,1,1135.44,32.37927273,31.08085714
103,103,1,1139.96,32.91872727,31.29257143
104,104,1,1144.7,33.48327273,31.47714286
105,105,1,1148.72,33.90563636,31.67257143
106,106,1,1152.46,34.25272727,31.80828571
107,107,1,1158.5,34.57054545,31.96571429
108,108,1,1164.62,34.85490909,32.13942857
109,109,1,1172.38,35.12672727,32.35114286
110,110,1,1182.82,35.60763636,32.60085714
111,111,1,1194.72,36.27672727,32.84514286
112,112,1,1206.78,36.71581818,33.10571429
113,113,1,1220.76,36.98345455,33.388
114,114,1,1233.82,37.07545455,33.67028571
115,115,1,1247.2,37.07545455,33.95257143
116,116,1,1260.76,37.07545455,34.27828571
117,117,1,1274.72,37.14654545,34.54428571
118,118,1,1283.84,37.25945455,34.81571429
119,119,1,1282.38,37.37654545,34.97857143
120,120,0,1283.26,36.91654545,35.09257143
121,121,0,1279.38,35.938,35.15771429
122,122,0,1271.22,34.93436364,35.14685714
123,123,0,1261.4,34.06872727,35.08714286
124,124,0,1251.62,33.32854545,34.95142857
125,125,0,1240.66,32.73890909,34.81571429
126,126,0,1230.62,32.29981818,34.66371429
127,127,0,1221.5,31.94018182,34.45742857
128,128,0,1212.74,31.63072727,34.262
129,129,0,1205.02,31.39236364,34.05571429
130,130,0,1197.48,31.13727273,33.844
131,131,0,1188.98,30.96581818,33.62142857
132,132,0,1182.28,30.79018182,33.39342857
133,133,0,1175.94,30.60618182,33.18714286
134,134,0,1170.76,30.46818182,32.94828571
135,135,0,1166.76,30.326,32.74742857
136,136,0,1160.6,30.188,32.54657143
137,137,0,1157.58,30.06672727,32.34028571
138,138,0,1154.56,29.958,32.16657143
139,139,0,1151.88,29.84927273,31.982
140,140,0,1149.26,29.73218182,31.83
141,141,0,1146.42,29.64018182,31.66714286
142,142,1,1146.28,30.10854545,31.53142857
143,143,1,1150.82,31.30036364,31.43371429
144,144,1,1156.48,32.49218182,31.42828571
145,145,1,1163.12,33.58781818,31.49342857
146,146,1,1170.6,34.49527273,31.61285714
147,147,1,1180.08,35.16854545,31.77571429
148,148,1,1190.32,35.64945455,32.02
149,149,1,1200.68,36.04254545,32.27514286
150,150,1,1210.84,36.30181818,32.54657143
151,151,1,1220.92,36.51927273,32.83428571
152,152,1,1230.88,36.69490909,33.10571429
153,153,1,1240.98,36.94163636,33.37714286
154,154,0,1247.32,36.51927273,33.62685714
155,155,0,1246.46,35.50727273,33.78428571
156,156,0,1241.86,34.45763636,33.882
157,157,0,1235.86,33.5,33.882
158,158,0,1227.4,32.73890909,33.83314286
159,159,0,1220.12,32.22036364,33.71914286
160,160,0,1212.22,31.76872727,33.59428571
161,161,0,1205.3,31.40490909,33.45314286
162,162,0,1198.56,31.12472727,33.33371429
163,163,0,1193.46,30.878,33.17628571
164,164,0,1187.84,30.67727273,33.02428571
165,165,0,1182.74,30.51,32.856
166,166,0,1177.66,30.326,32.68771429
167,167,0,1173.24,30.16290909,32.53028571
168,168,0,1170.5,30.02490909,32.36742857
169,169,0,1167.36,29.90363636,32.23714286
170,170,0,1163.94,29.78236364,32.096
171,171,0,1160.24,29.67781818,31.944
172,172,0,1157.88,29.57327273,31.792
173,173,0,1155.52,29.45618182,31.65085714
174,174,0,1152.44,29.33909091,31.49885714
175,175,0,1149.44,29.19690909,31.36857143
176,176,0,1146.88,29.12163636,31.23285714
177,177,0,1144.76,29.01709091,31.09171429
178,178,0,1141.3,28.94181818,30.93428571
179,179,0,1138.96,28.81636364,30.78771429
180,180,0,1136.76,28.75363636,30.652
181,181,0,1134.2,28.56963636,30.51085714
182,182,0,1132.08,28.44836364,30.37514286
183,183,0,1130.82,28.32709091,30.21771429
184,184,0,1129.26,28.256,30.10371429
185,185,0,1127.96,28.18490909,29.968
186,186,0,1127,28.07618182,29.82685714
187,187,0,1125.34,27.96745455,29.702
188,188,0,1123.78,27.90054545,29.56085714
189,189,0,1122.26,27.79181818,29.42514286
190,190,0,1120.9,27.71236364,29.27314286
191,191,0,1121.26,27.62036364,29.15914286
192,192,0,1120.22,27.56181818,29.018
193,193,0,1119.74,27.46981818,28.88771429
194,194,0,1120.3,27.39036364,28.752
195,195,0,1119.44,27.31090909,28.62714286
196,196,0,1118.22,27.22309091,28.51857143
197,197,1,1118.1,27.69981818,28.42628571
198,198,1,1119.76,28.81636364,28.486
199,199,1,1122.02,29.89109091,28.62714286
200,200,1,1124.98,30.89054545,28.866
201,201,1,1127.22,31.63072727,29.13742857
202,202,1,1129.92,32.25381818,29.436
203,203,1,1132.5,32.72218182,29.74542857
204,204,1,1135.44,33.15709091,30.06571429
205,205,1,1138.14,33.51672727,30.30457143
206,206,1,1140.38,33.97672727,30.45657143
207,207,1,1143.86,34.54963636,30.46742857
208,208,1,1148,35.20618182,30.52714286
209,209,1,1152.9,35.67036364,30.61942857
210,210,1,1157.62,36.08854545,30.73342857
211,211,1,1163.04,36.34363636,30.86914286
212,212,1,1169.3,36.64890909,31.04828571
213,213,1,1176.72,36.89563636,31.23285714
214,214,0,1185.5,36.628,31.42828571
215,215,0,1190.36,35.60763636,31.62914286
216,216,0,1192.44,34.47436364,31.78114286
217,217,0,1192.68,33.41218182,31.87885714
218,218,0,1191.36,32.52563636,31.944
219,219,0,1188.76,31.86072727,31.96028571
220,220,0,1186.42,31.31709091,31.93857143
221,221,0,1183.1,30.89054545,31.88971429
222,222,0,1179.02,30.56436364,31.81914286
223,223,0,1175.38,30.28418182,31.74857143
224,224,0,1172.44,30.05418182,31.65628571
225,225,0,1169.8,29.866,31.564
226,226,0,1166.7,29.70290909,31.45
227,227,0,1163.6,29.54818182,31.34685714
228,228,0,1161.52,29.38927273,31.25457143
229,229,0,1158.92,29.29727273,31.14057143
230,230,0,1156.02,29.14672727,31.02114286
231,231,0,1153.66,29.05472727,30.918
232,232,1,1153.06,29.56072727,30.82028571
233,233,1,1154.64,30.74836364,30.77142857
234,234,1,1156.94,31.94018182,30.76057143
235,235,1,1159.22,32.98563636,30.77685714
236,236,1,1162.8,33.85127273,30.82028571
237,237,1,1167.64,34.58727273,30.918
238,238,1,1173.4,35.16854545,31.032
239,239,1,1180.84,35.60763636,31.16228571
240,240,1,1188.78,36.06763636,31.336
241,241,1,1201.96,36.40636364,31.61285714
242,242,1,1213.54,36.66981818,31.92228571
243,243,1,1226.64,36.80363636,32.26428571
244,244,1,1236.4,36.82872727,32.59542857
245,245,1,1248,36.84963636,32.92114286
246,246,1,1259.52,36.94163636,33.24142857
247,247,1,1269.94,37.07545455,33.55085714
248,248,1,1278.46,37.25945455,33.82228571
249,249,1,1286,37.44763636,34.04485714
250,250,1,1293.88,37.63581818,34.262
251,251,1,1305.16,37.82818182,34.47371429
252,252,1,1314.6,38.02472727,34.70714286
253,253,1,1323.18,38.19618182,34.91885714
254,254,1,1331.88,38.34672727,35.10342857
255,255,1,1340.26,38.49727273,35.27171429
256,256,1,1347.52,38.67709091,35.43457143
257,257,1,1354.58,38.80672727,35.58657143
258,258,1,1361.12,38.96563636,35.73314286
259,259,1,1368.62,39.17890909,35.87428571
260,260,1,1376.06,39.36709091,36.02085714
261,261,0,1382.38,38.91127273,36.15114286
262,262,0,1382,37.82818182,36.25971429
263,263,0,1374.82,36.71581818,36.30314286
264,264,0,1365.02,35.79581818,36.23257143
265,265,0,1352.16,35.06818182,36.12942857
266,266,0,1336.74,34.45763636,35.95028571
267,267,0,1323.92,33.94327273,35.744
268,268,0,1312.42,33.53345455,35.52142857
269,269,0,1302.96,33.20727273,35.29885714
270,270,1,1295.78,33.57109091,35.11971429
271,271,1,1295.8,34.68345455,34.98942857
272,272,1,1301.8,35.79581818,34.91342857
273,273,1,1307.06,36.66981818,34.89171429
274,274,1,1314.24,37.35145455,34.908
275,275,1,1324.02,37.89927273,34.97314286
276,276,1,1333.6,38.34672727,35.08171429
277,277,1,1342.94,38.78163636,35.22285714
278,278,1,1351.14,39.07018182,35.34771429
279,279,1,1360.12,39.39636364,35.48342857
280,280,1,1369.92,39.67236364,35.63
281,281,1,1380.66,39.92327273,35.80914286
282,282,1,1390.58,40.06963636,35.98828571
283,283,1,1399.2,40.27036364,36.15114286
284,284,1,1409.36,40.446,36.30314286
285,285,1,1418.32,40.59654545,36.46057143
286,286,1,1426.7,40.71781818,36.61257143
287,287,1,1434.52,40.93109091,36.75914286
288,288,1,1442.84,41.14854545,36.91114286
289,289,1,1450.94,41.24054545,37.05228571
290,290,1,1458.74,41.43290909,37.188
291,291,1,1466.1,41.56254545,37.32371429
292,292,1,1471.72,41.72145455,37.43228571
293,293,1,1481.24,41.85527273,37.53
294,294,1,1489.36,42.02254545,37.65485714
295,295,1,1493.54,42.12290909,37.76885714
296,296,1,1500.94,42.25672727,37.82857143
297,297,1,1506.4,42.39472727,37.92628571
298,298,1,1514.5,42.53272727,38.01857143
299,299,1,1520.3,42.67490909,38.12171429
300,300,1,1525.32,42.85054545,38.18685714
301,301,1,1530.64,42.88818182,38.26828571
302,302,1,1538.18,43.068,38.33885714
303,303,1,1548.88,43.13909091,38.44742857
304,304,1,1556.22,43.24781818,38.53428571
305,305,1,1565.76,43.436,38.66457143
306,306,0,1573.62,42.95927273,38.77314286
307,307,0,1576.28,41.72145455,38.87628571
308,308,0,1570.18,40.47527273,38.898
309,309,0,1572.18,39.36709091,38.91428571
310,310,0,1554.06,38.52236364,38.84914286
311,311,0,1537.16,37.82818182,38.68085714
312,312,0,1522.26,37.30545455,38.48542857
313,313,0,1507.04,36.87054545,38.29
314,314,0,1491.4,36.51927273,38.07285714
315,315,0,1475.54,36.25581818,37.83942857
316,316,0,1459,35.95890909,37.57885714
317,317,0,1445.6,35.754,37.32371429
318,318,0,1431.82,35.54909091,37.12828571
319,319,0,1416.92,35.34418182,36.94371429
320,320,0,1406.2,35.16854545,36.74828571
321,321,0,1395.36,34.972,36.59085714
322,322,0,1385.44,34.79636364,36.40085714
323,323,0,1375.84,34.70018182,36.238
324,324,0,1364.24,34.49527273,36.06971429
325,325,0,1353.5,34.36145455,35.87971429
326,326,0,1344.8,34.19836364,35.67342857
327,327,0,1337.24,34.03109091,35.48342857
328,328,0,1331.12,33.88890909,35.30428571
329,329,0,1325.06,33.74672727,35.14685714
330,330,0,1319.66,33.60454545,34.98942857
331,331,0,1314.64,33.46654545,34.832
332,332,0,1309.26,33.30763636,34.69085714
333,333,0,1304.26,33.19054545,34.56057143
334,334,0,1299.32,33.05254545,34.40857143
335,335,0,1293.34,32.902,34.26742857
336,336,0,1287.44,32.73890909,34.12085714
337,337,0,1281.16,32.65527273,33.96885714
338,338,0,1276.32,32.49218182,33.806
339,339,1,1274.08,33.12363636,33.65942857
340,340,1,1279.44,34.39909091,33.54542857
341,341,1,1289.6,35.50727273,33.51828571
342,342,1,1303.62,36.45236364,33.56714286
343,343,1,1317.64,37.12145455,33.70285714
344,344,1,1340.98,37.68181818,34.00142857
345,345,1,1349.44,38.24636364,34.28371429
346,346,1,1359.48,38.67709091,34.46828571
347,347,1,1369.74,39.04509091,34.65285714
348,348,1,1381,39.36709091,34.85914286
349,349,1,1392.06,39.69745455,35.07085714
350,350,1,1404.38,39.89818182,35.288
351,351,1,1414.8,40.124,35.48885714
352,352,1,1425.68,40.29963636,35.68428571
353,353,1,1436,40.538,35.84171429
354,354,1,1446.46,40.62581818,36.04257143
355,355,1,1457.18,40.86836364,36.22714286
356,356,1,1466.86,41.05236364,36.39
357,357,1,1476.3,41.14854545,36.55828571
358,358,1,1486.56,41.37018182,36.72657143
359,359,1,1495.56,41.46218182,36.87314286
360,360,1,1505.68,41.62527273,37.01971429
361,361,1,1515,41.75490909,37.17714286
362,362,1,1524.04,41.85527273,37.32371429
363,363,1,1532.14,42.08945455,37.46485714
364,364,1,1538.18,42.18981818,37.58971429
365,365,1,1544.36,42.29018182,37.67114286
366,366,1,1550.4,42.39472727,37.758
367,367,1,1557.26,42.56618182,37.83942857
368,368,1,1564.3,42.70836364,37.94257143
369,369,0,1573.44,42.15636364,38.062
370,370,0,1570.32,40.89763636,38.138
371,371,0,1558.7,39.78109091,38.13257143
372,372,0,1546.6,38.78163636,38.05114286
373,373,0,1533.64,37.99963636,37.91
374,374,0,1520.62,37.37654545,37.76885714
375,375,0,1506.7,36.84963636,37.606
376,376,0,1488.96,36.43145455,37.41057143
377,377,0,1474.3,36.08854545,37.17714286
378,378,1,1463.62,36.51927273,36.96
379,379,1,1460.5,37.778,36.78085714
380,380,1,1462.78,38.88618182,36.68857143
381,381,1,1469.46,39.83963636,36.68314286
382,382,1,1494.12,40.56727273,36.79171429
383,383,1,1497.38,40.99381818,36.922
384,384,1,1505.92,41.43290909,37.00342857
385,385,1,1516.22,41.78836364,37.13371429
386,386,1,1527.48,42.02254545,37.28571429
387,387,1,1539.08,42.25672727,37.45942857
388,388,1,1550.1,42.42818182,37.606
389,389,1,1560.36,42.63727273,37.78514286
390,390,1,1571.68,42.81290909,37.948
391,391,1,1583.76,42.95927273,38.138
392,392,1,1591.06,43.10145455,38.27371429
393,393,1,1598.9,43.17672727,38.37142857
394,394,1,1605.44,43.36072727,38.44742857
395,395,1,1617,43.47363636,38.56685714
396,396,1,1626.5,43.62418182,38.72971429
397,397,1,1635.46,43.81236364,38.898
398,398,1,1642.02,43.89181818,39.02285714
399,399,1,1648.66,43.96709091,39.13685714
400,400,1,1656.52,44.16363636,39.24542857
401,401,1,1666.04,44.24309091,39.33771429
402,402,1,1675.24,44.402,39.47342857
403,403,1,1684.64,44.44381818,39.61457143
404,404,1,1696.16,44.56509091,39.74485714
405,405,1,1706.12,44.64872727,39.886
406,406,0,1714.54,44.04654545,40.038
407,407,0,1716.26,42.88818182,40.14657143
408,408,0,1710.42,41.65872727,40.17371429
409,409,0,1698.14,40.62581818,40.14114286
410,410,0,1684.06,39.81036364,40.04342857
411,411,0,1667.14,39.12454545,39.89685714
412,412,0,1648.74,38.62690909,39.70685714
413,413,0,1644.12,38.22127273,39.544
414,414,0,1621.9,37.82818182,39.33771429
415,415,0,1601.76,37.53963636,39.10971429
416,416,0,1582.38,37.25945455,38.86
417,417,0,1560.56,36.98345455,38.594
418,418,0,1537.3,36.78272727,38.34971429
419,419,1,1516.82,37.40163636,38.062
420,420,1,1513.24,38.70218182,37.86657143
421,421,1,1512.88,39.92327273,37.69828571
422,422,1,1516.78,40.77636364,37.58971429
423,423,1,1526.78,41.49563636,37.55171429
424,424,1,1539.1,42.02254545,37.57885714
425,425,1,1551.48,42.49927273,37.682
426,426,1,1563.92,42.81290909,37.81771429
427,427,1,1575.62,43.068,37.948
428,428,1,1588.14,43.24781818,38.11085714
429,429,1,1600.76,43.58654545,38.28457143
430,430,1,1613.38,43.66181818,38.46914286
431,431,1,1625.32,43.89181818,38.632
432,432,1,1637.76,43.96709091,38.80571429
433,433,1,1648.3,44.126,38.95228571
434,434,1,1660.66,44.24309091,39.12057143
435,435,1,1671.06,44.402,39.29428571
436,436,1,1682.1,44.56509091,39.44628571
437,437,1,1690.14,44.72818182,39.60914286
438,438,1,1696.18,44.81181818,39.72857143
439,439,0,1700.92,44.24309091,39.80457143
440,440,0,1700.92,42.99272727,39.86428571
441,441,0,1692.98,41.72145455,39.886
442,442,0,1682.34,40.71781818,39.83714286
443,443,0,1685.36,39.92327273,39.81
444,444,0,1668.14,39.28763636,39.72857143
445,445,0,1649.32,38.73145455,39.58742857
446,446,0,1632.58,38.29654545,39.39742857
447,447,0,1616.24,37.89927273,39.22371429
448,448,0,1592.24,37.56472727,38.96314286
449,449,0,1577.22,37.30545455,38.71885714
450,450,0,1561.98,37.07545455,38.53428571
451,451,0,1544.24,36.84963636,38.36057143
452,452,0,1529.92,36.66981818,38.15971429
453,453,0,1516.3,36.40636364,37.95885714
454,454,0,1501.74,36.27672727,37.76885714
455,455,0,1487.46,36.08854545,37.568
456,456,0,1474.68,35.87527273,37.35085714
457,457,0,1463.28,35.754,37.15
458,458,0,1451.8,35.60763636,36.94914286
459,459,0,1440.16,35.42781818,36.76457143
460,460,0,1429.62,35.248,36.56914286
461,461,0,1420.34,35.08909091,36.37371429
462,462,0,1411.26,34.972,36.18914286
463,463,0,1400.84,34.81727273,35.99914286
464,464,0,1389.94,34.66254545,35.81457143
465,465,0,1378.9,34.512,35.64085714
466,466,0,1368.06,34.36145455,35.42914286
467,467,0,1359.78,34.21509091,35.22828571
468,468,0,1350.78,34.08545455,35.04914286
469,469,0,1342.08,33.92236364,34.85371429
470,470,0,1336.22,33.78018182,34.68
471,471,1,1332.38,34.39909091,34.51171429
472,472,1,1336.34,35.754,34.38142857
473,473,1,1346.12,36.96254545,34.34342857
474,474,1,1356.74,37.99963636,34.35971429
475,475,1,1368.7,38.78163636,34.452
476,476,1,1380.94,39.36709091,34.566
477,477,1,1394.9,39.81036364,34.75057143
478,478,1,1409.36,40.21181818,34.96771429
479,479,1,1421.72,40.538,35.174
480,480,1,1446.32,40.77636364,35.46171429
481,481,1,1452.34,40.96036364,35.69514286
482,482,1,1460.44,41.21127273,35.88514286
483,483,1,1470.74,41.37018182,36.03714286
484,484,1,1481.1,41.49563636,36.21085714
485,485,1,1491.46,41.69218182,36.39542857
486,486,1,1500.76,41.82181818,36.55828571
487,487,1,1509.36,42.02254545,36.71571429
488,488,1,1518.62,42.15636364,36.85685714
489,489,1,1527.42,42.36127273,37.01428571
490,490,1,1536.74,42.46163636,37.16085714
491,491,1,1544.72,42.56618182,37.30742857
492,492,1,1553.98,42.74181818,37.44857143
493,493,1,1561.64,42.81290909,37.58428571
494,494,1,1570.44,42.92163636,37.69828571
495,495,1,1579.04,43.17672727,37.82857143
496,496,1,1588.1,43.21436364,37.98057143
497,497,1,1595.8,43.36072727,38.1
498,498,1,1605.82,43.51127273,38.24657143
499,499,1,1616.34,43.62418182,38.37685714
500,500,1,1627.38,43.69945455,38.53971429
501,501,1,1639.76,43.85,38.72428571
502,502,1,1650.18,43.96709091,38.90342857
503,503,1,1660.14,44.00890909,39.03914286
504,504,1,1669.66,44.20545455,39.18571429
505,505,1,1676.72,44.36436364,39.29971429
506,506,1,1686.04,44.402,39.39742857
507,507,1,1696.98,44.52327273,39.53857143
508,508,1,1705.24,44.69054545,39.66885714
509,509,1,1712.06,44.69054545,39.76657143
510,510,1,1718.52,44.93727273,39.89685714
511,511,1,1726.46,45.02090909,40.02171429
512,512,1,1741.3,45.10872727,40.152
513,513,1,1744.46,45.23418182,40.30942857
514,514,0,1743.88,44.64872727,40.33657143
515,515,0,1740.9,43.24781818,40.36914286
516,516,0,1732.14,42.15636364,40.36371429
517,517,0,1718.36,41.05236364,40.32028571
518,518,0,1698.74,40.29963636,40.22257143
519,519,0,1679.16,39.58872727,40.02171429
520,520,0,1659.62,39.04509091,39.81542857
521,521,0,1641.3,38.652,39.582
522,522,0,1624.1,38.27145455,39.34314286
523,523,0,1607.08,37.92436364,39.11514286
524,524,0,1591.34,37.66090909,38.90885714
525,525,0,1575.96,37.40163636,38.68085714
526,526,0,1560.48,37.19254545,38.47457143
527,527,0,1545.7,36.94163636,38.29
528,528,0,1531.1,36.78272727,38.11085714
529,529,0,1515.82,36.54018182,37.91542857
530,530,0,1501.3,36.32272727,37.73085714
531,531,0,1487.58,36.19309091,37.54085714
532,532,0,1471.68,36.04254545,37.35085714
533,533,0,1455.52,35.87527273,37.10114286
534,534,0,1442.16,35.73309091,36.87857143
535,535,0,1430.8,35.52818182,36.656
536,536,0,1418.42,35.386,36.45514286
537,537,0,1409.4,35.20618182,36.24342857
538,538,0,1400.68,35.06818182,36.05885714
539,539,0,1392.36,34.89254545,35.88514286
540,540,0,1382.28,34.77963636,35.70057143
541,541,0,1374.78,34.62490909,35.52142857
542,542,0,1368.46,34.47436364,35.36942857
543,543,0,1362.4,34.30709091,35.21742857
544,544,0,1355.32,34.21509091,35.07628571
545,545,1,1350.26,34.79636364,34.91885714
546,546,1,1353.22,36.17218182,34.81571429
547,547,1,1361.72,37.42254545,34.76142857
548,548,1,1384.64,38.422,34.832
549,549,1,1391.6,39.28763636,34.96771429
550,550,1,1400.56,39.83963636,35.07085714
551,551,1,1411.04,40.29963636,35.20657143
552,552,1,1422.18,40.59654545,35.34771429
553,553,1,1434.2,40.89763636,35.52142857
554,554,1,1446.94,41.17781818,35.706
555,555,1,1460.66,41.46218182,35.90685714
556,556,1,1473.04,41.65872727,36.15657143
557,557,1,1487.06,41.82181818,36.38457143
558,558,1,1498.64,42.02254545,36.60171429
559,559,1,1509.38,42.18981818,36.81342857
560,560,1,1519.54,42.36127273,36.96542857
561,561,1,1530.62,42.49927273,37.12828571
562,562,1,1540.14,42.70836364,37.29114286
563,563,1,1549.7,42.74181818,37.454
564,564,1,1557.64,42.92163636,37.59514286
565,565,1,1565.18,43.03036364,37.73085714
566,566,1,1571.54,43.21436364,37.85028571
567,567,1,1579.64,43.24781818,37.95885714
568,568,1,1586.74,43.436,38.07285714
569,569,1,1595.82,43.51127273,38.19228571
570,570,1,1607.76,43.62418182,38.34428571
571,571,1,1621.06,43.69945455,38.50714286
572,572,1,1633,43.85,38.68628571
573,573,1,1643.7,43.96709091,38.87628571
574,574,1,1654.06,44.08418182,39.02285714
575,575,1,1663.04,44.24309091,39.19114286
576,576,1,1673.02,44.36436364,39.32142857
577,577,1,1699.06,44.60690909,39.53314286
578,578,1,1700.26,44.60690909,39.71771429
579,579,1,1706.5,44.77,39.83714286
580,580,1,1714.44,44.81181818,39.96742857
581,581,0,1718.92,44.24309091,40.076
582,582,0,1714.68,42.95927273,40.13571429
583,583,0,1703.5,41.72145455,40.10857143
584,584,0,1686.8,40.59654545,40.01085714
585,585,0,1668.9,39.78109091,39.86428571
586,586,0,1648.46,39.17890909,39.658
587,587,0,1628.82,38.652,39.45171429
588,588,0,1607.72,38.22127273,39.19657143
589,589,0,1587.44,37.89927273,38.93057143
590,590,0,1568.36,37.56472727,38.67542857
591,591,0,1549.8,37.28454545,38.404
592,592,1,1535.02,37.89927273,38.15971429
593,593,1,1529.12,39.17890909,37.95342857
594,594,1,1529.46,40.32890909,37.81771429
595,595,1,1533.8,41.274,37.74171429
596,596,1,1542.32,42.02254545,37.74171429
597,597,1,1551.44,42.46163636,37.79057143
598,598,1,1561.56,42.92163636,37.86657143
599,599,1,1571.92,43.24781818,37.98057143
600,600,1,1583.18,43.47363636,38.11085714
601,601,1,1592.7,43.62418182,38.23571429
602,602,1,1602.62,43.92945455,38.38771429
603,603,1,1613.34,44.00890909,38.52342857
604,604,1,1623.06,44.28490909,38.68085714
605,605,1,1631.68,44.32254545,38.82742857
606,606,1,1654.14,44.402,38.95228571
607,607,1,1661.36,44.60690909,39.15314286
608,608,1,1668.22,44.69054545,39.29971429
609,609,1,1672.04,44.77,39.40828571
610,610,1,1676.26,44.93727273,39.48428571
611,611,1,1683.68,45.02090909,39.56571429
612,612,1,1691.42,45.15054545,39.66342857
613,613,1,1698.74,45.23418182,39.772
614,614,0,1701.5,44.60690909,39.88057143
615,615,0,1697.76,43.28545455,39.92942857
616,616,0,1688.3,42.02254545,39.93485714
617,617,0,1677.1,41.05236364,39.886
618,618,0,1662.38,40.21181818,39.81
619,619,0,1647.16,39.61381818,39.68514286
620,620,0,1631.86,39.07018182,39.53314286
621,621,0,1616.04,38.60181818,39.354
622,622,0,1598.8,38.27145455,39.164
623,623,0,1581.58,38.02472727,38.95228571
624,624,0,1564.58,37.732,38.74057143
625,625,0,1548.96,37.44763636,38.53428571
626,626,0,1533.56,37.25945455,38.33885714
627,627,0,1517.54,37.05454545,38.11628571
628,628,0,1503.54,36.84963636,37.90457143
629,629,0,1489.16,36.64890909,37.69828571
630,630,0,1475.84,36.43145455,37.50828571
631,631,1,1463.64,37.16745455,37.32371429
632,632,1,1462.44,38.47218182,37.13914286
633,633,1,1463.86,39.72672727,37.01971429
634,634,1,1471.14,40.59654545,36.94914286
635,635,1,1480.16,41.43290909,36.93285714
636,636,1,1491.88,41.98909091,36.98171429
637,637,1,1503.48,42.36127273,37.07942857
638,638,1,1530.58,42.70836364,37.24771429
639,639,0,1535.32,42.39472727,37.43228571
640,640,0,1534.98,41.05236364,37.60057143
641,641,0,1527.8,39.92327273,37.63314286
642,642,0,1519.02,39.04509091,37.62771429
643,643,0,1508.94,38.27145455,37.57342857
644,644,0,1498,37.70690909,37.48114286
645,645,0,1486.08,37.19254545,37.36714286
646,646,0,1472.68,36.87054545,37.20971429
647,647,0,1457.76,36.51927273,37.04685714
648,648,0,1441.22,36.23490909,36.85142857
649,649,0,1428.4,36.00072727,36.62885714
650,650,0,1417.54,35.77490909,36.45514286
651,651,0,1406.34,35.58672727,36.276
652,652,0,1394.86,35.40690909,36.10228571
653,653,0,1384.24,35.16854545,35.93942857
654,654,0,1374.1,34.972,35.77657143
655,655,0,1363.76,34.79636364,35.59742857
656,656,0,1354.74,34.60818182,35.43457143
657,657,0,1347.08,34.49527273,35.27714286
658,658,0,1339.04,34.36145455,35.10885714
659,659,0,1330.28,34.21509091,34.96771429
660,660,0,1321.82,34.052,34.81571429
661,661,0,1314,33.94327273,34.65828571
662,662,0,1305.82,33.76345455,34.49
663,663,0,1299.06,33.62127273,34.31085714
664,664,0,1291.86,33.5,34.16428571
665,665,0,1288.04,33.34527273,34.00685714
666,666,0,1284.42,33.224,33.882
667,667,0,1279.02,33.06927273,33.768
668,668,0,1273.32,32.91872727,33.62685714
669,669,0,1269.58,32.83509091,33.49657143
670,670,0,1265.74,32.70545455,33.388
671,671,0,1262.88,32.57581818,33.274
672,672,0,1260.4,32.47545455,33.20342857
673,673,0,1256.96,32.35,33.09485714
674,674,1,1254.5,33.06927273,33.01342857
675,675,1,1258.1,34.39909091,32.932
676,676,1,1267.2,35.57,32.91571429
677,677,1,1277.82,36.51927273,32.98628571
678,678,1,1288.54,37.23854545,33.11114286
679,679,1,1299.96,37.89927273,33.26857143
680,680,1,1310.06,38.37181818,33.44771429
681,681,1,1331.9,38.78163636,33.67571429
682,682,1,1337.7,39.17890909,33.94714286
683,683,1,1346.08,39.50509091,34.12628571
684,684,1,1354.82,39.72672727,34.33257143
685,685,1,1364.22,39.95254545,34.53885714
686,686,1,1374.42,40.18254545,34.72885714
687,687,1,1383.68,40.38745455,34.92428571
688,688,1,1393.62,40.50454545,35.11971429
689,689,1,1401.88,40.74709091,35.29885714
690,690,1,1409.24,40.86836364,35.45628571
691,691,1,1417.34,41.05236364,35.60285714
692,692,1,1426.14,41.24054545,35.744
693,693,1,1436.1,41.37018182,35.91228571
694,694,1,1445.72,41.52909091,36.086
695,695,1,1455.62,41.65872727,36.28142857
696,696,1,1464.88,41.82181818,36.42257143
697,697,1,1473.62,41.98909091,36.59628571
698,698,1,1481.62,42.08945455,36.74285714
699,699,1,1491.1,42.22327273,36.87857143
700,700,1,1499.86,42.42818182,37.06314286
701,701,1,1508.7,42.53272727,37.19885714
702,702,1,1516.92,42.70836364,37.34542857
703,703,1,1522.4,42.81290909,37.47028571
704,704,1,1530.76,42.92163636,37.57885714
705,705,1,1539.46,43.13909091,37.71457143
706,706,1,1548.42,43.17672727,37.85571429
707,707,1,1556.68,43.32309091,37.99685714
708,708,1,1565.24,43.436,38.13257143
709,709,1,1574.54,43.58654545,38.27371429
710,710,1,1582.42,43.66181818,38.40942857
711,711,0,1587.2,43.13909091,38.54514286
712,712,0,1584.88,41.82181818,38.59942857
713,713,0,1574.9,40.59654545,38.59942857
714,714,0,1561.08,39.61381818,38.51257143
715,715,0,1557.9,38.80672727,38.42028571
716,716,0,1537.02,38.146,38.27914286
717,717,0,1515.72,37.61072727,38.08371429
718,718,0,1496.88,37.19254545,37.85028571
719,719,0,1477.84,36.84963636,37.606
720,720,0,1460.82,36.51927273,37.35628571
721,721,0,1444.54,36.27672727,37.11742857
722,722,0,1429.8,36.04254545,36.85685714
723,723,0,1414.64,35.83345455,36.618
724,724,0,1401.42,35.64945455,36.41714286
725,725,0,1386.44,35.42781818,36.21628571
726,726,0,1373.98,35.248,36.01542857
727,727,0,1362.98,35.06818182,35.82542857
728,728,0,1352.84,34.87581818,35.64628571
729,729,0,1343.7,34.73781818,35.46171429
730,730,0,1335.7,34.57054545,35.288
731,731,0,1326.96,34.39909091,35.13057143
732,732,0,1318.56,34.25272727,34.96771429
733,733,0,1310.38,34.08545455,34.81028571
734,734,0,1300.7,33.94327273,34.65828571
735,735,0,1291.32,33.76345455,34.46828571
736,736,0,1284.04,33.62127273,34.28914286
737,737,0,1276.76,33.5,34.12085714
738,738,0,1270.28,33.362,33.93628571
739,739,0,1264.42,33.24072727,33.78971429
740,740,1,1261.2,33.85127273,33.63771429
741,741,1,1265,35.20618182,33.55628571
742,742,1,1272.42,36.38545455,33.51285714
743,743,1,1282.18,37.42254545,33.55628571
744,744,1,1291.44,38.146,33.62142857
745,745,1,1301.52,38.86109091,33.72457143
746,746,1,1312.2,39.28763636,33.87114286
747,747,1,1324.5,39.64309091,34.05571429
748,748,1,1345.96,39.86890909,34.3
749,749,1,1354.32,40.04036364,34.59314286
750,750,1,1365.3,40.38745455,34.82114286
751,751,1,1375.38,40.68436364,35.03828571
752,752,1,1384.82,40.86836364,35.23371429
753,753,1,1393.62,41.14854545,35.43457143
754,754,1,1403.82,41.33672727,35.59742857
755,755,1,1412.02,41.39945455,35.782
756,756,1,1421.9,41.65872727,35.95028571
757,757,1,1431.52,41.82181818,36.12942857
758,758,1,1441.76,42.02254545,36.30857143
759,759,1,1451.44,42.08945455,36.48228571
760,760,1,1460,42.29018182,36.656
761,761,1,1468,42.39472727,36.79714286
762,762,1,1477.08,42.53272727,36.94914286
763,763,0,1484,42.02254545,37.09028571
764,764,0,1481.3,40.74709091,37.188
765,765,0,1474.4,39.47581818,37.19885714
766,766,0,1464.06,38.49727273,37.19885714
767,767,0,1450.02,37.778,37.112
768,768,0,1437.52,37.10054545,36.98171429
769,769,0,1422.86,36.628,36.82428571
770,770,0,1409.44,36.214,36.63428571
771,771,0,1396.18,35.87527273,36.44971429
772,772,0,1384.04,35.58672727,36.24342857
773,773,0,1370.96,35.34418182,36.048
774,774,0,1358.36,35.14763636,35.84171429
775,775,0,1347.26,34.91345455,35.65714286
776,776,0,1335.58,34.72109091,35.47257143
777,777,0,1324.94,34.54963636,35.27714286
778,778,0,1313.5,34.32381818,35.08714286
779,779,0,1302.96,34.12309091,34.91342857
780,780,0,1293.16,33.97672727,34.756
781,781,0,1284.82,33.83454545,34.57142857
782,782,0,1277.88,33.69236364,34.38685714
783,783,0,1271.18,33.51672727,34.24028571
784,784,1,1266.98,34.21509091,34.09914286
785,785,1,1268.5,35.57,33.96342857
786,786,1,1280.92,36.80363636,33.90371429
787,787,1,1296.14,37.80309091,33.996
788,788,1,1300.02,38.62690909,34.10457143
789,789,1,1310.02,39.17890909,34.21314286
790,790,1,1320.84,39.58872727,34.35971429
791,791,1,1330.86,40.01109091,34.528
792,792,1,1340.9,40.35818182,34.70714286
793,793,1,1351.48,40.59654545,34.88085714
794,794,1,1361.48,40.83909091,35.07628571
795,795,1,1372.58,41.02309091,35.27171429
796,796,1,1384.22,41.21127273,35.46171429
797,797,1,1395.3,41.37018182,35.67885714
798,798,1,1405.22,41.52909091,35.87428571
799,799,1,1414.94,41.75490909,36.06428571
800,800,0,1422.28,41.21127273,36.22714286
801,801,0,1420.98,39.98181818,36.352
802,802,0,1414.18,38.86109091,36.39542857
803,803,0,1402.4,37.85327273,36.37371429
804,804,0,1391.18,37.07545455,36.29228571
805,805,0,1378.16,36.36454545,36.15657143
806,806,0,1365.4,35.91709091,36.00457143
807,807,0,1353.22,35.57,35.84714286
808,808,0,1341.76,35.18527273,35.67342857
809,809,0,1330.16,34.87581818,35.48885714
810,810,0,1319.66,34.64581818,35.30971429
811,811,0,1309.58,34.42,35.13057143
812,812,0,1299.5,34.21509091,34.97857143
813,813,0,1290.08,34.03109091,34.81028571
814,814,0,1279.96,33.81781818,34.61485714
815,815,0,1269.04,33.62127273,34.44114286
816,816,0,1260.02,33.5,34.25114286
817,817,0,1252.34,33.32854545,34.072
818,818,0,1245.48,33.17381818,33.91457143
819,819,0,1240.2,33.00236364,33.74628571
820,820,0,1232.38,32.902,33.59971429
821,821,0,1226.58,32.73890909,33.43142857
822,822,0,1222.3,32.62181818,33.29028571
823,823,0,1218.84,32.49218182,33.14371429
824,824,0,1214.88,32.36254545,33.02971429
825,825,0,1210.74,32.27054545,32.92657143
826,826,1,1208.1,32.81836364,32.80714286
827,827,1,1210.84,34.13981818,32.70942857
828,828,1,1221.58,35.36509091,32.67142857
829,829,1,1234.98,36.27672727,32.79628571
830,830,1,1241.04,36.96254545,32.932
831,831,1,1248.9,37.61072727,33.05142857
832,832,1,1257.98,38.12090909,33.20885714
833,833,1,1267.72,38.57672727,33.40971429
834,834,1,1275.44,38.94054545,33.56171429
835,835,1,1282,39.17890909,33.73
836,836,1,1289.72,39.42145455,33.882
837,837,1,1297.54,39.67236364,34.01228571
838,838,1,1305.86,39.89818182,34.19685714
839,839,1,1313.38,40.124,34.35971429
840,840,1,1320.7,40.29963636,34.528
841,841,1,1329.6,40.446,34.69628571
842,842,1,1339.28,40.59654545,34.88628571
843,843,1,1350.04,40.74709091,35.08714286
844,844,1,1360.2,41.02309091,35.29885714
845,845,1,1369.46,41.11509091,35.49428571
846,846,1,1379.44,41.274,35.68971429
847,847,1,1389.08,41.43290909,35.87971429
848,848,1,1399.18,41.52909091,36.06428571
849,849,1,1408.36,41.72145455,36.25971429
850,850,1,1415.8,41.85527273,36.42257143
851,851,1,1423.76,42.056,36.57457143
852,852,1,1431.66,42.056,36.70485714
853,853,1,1439.28,42.32363636,36.85685714
854,854,1,1448.02,42.42818182,37.00885714
855,855,1,1456.24,42.53272727,37.12828571
856,856,0,1464.3,42.02254545,37.29657143
857,857,0,1464.28,40.77636364,37.41057143
858,858,0,1455.54,39.58872727,37.47571429
859,859,0,1444,38.49727273,37.43771429
860,860,0,1438.42,37.732,37.35628571
861,861,0,1426.68,37.07545455,37.302
862,862,0,1409.68,36.60709091,37.16085714
863,863,0,1392.14,36.214,36.97085714
864,864,0,1375.4,35.81254545,36.75371429
865,865,0,1359.9,35.58672727,36.51485714
866,866,0,1344.64,35.34418182,36.28142857
867,867,0,1327.64,35.08909091,36.01
868,868,0,1312.78,34.89254545,35.75485714
869,869,0,1297.64,34.68345455,35.478
870,870,0,1283.6,34.53290909,35.20657143
871,871,0,1271.12,34.32381818,34.95685714
872,872,0,1261.46,34.21509091,34.72342857
873,873,0,1254.24,33.97672727,34.54428571
874,874,0,1246.34,33.85127273,34.36514286
875,875,0,1239.88,33.65890909,34.19142857
876,876,0,1233.72,33.5,34.04485714
877,877,0,1227.06,33.32854545,33.89828571
878,878,0,1220.66,33.224,33.74628571
879,879,0,1215.32,33.05254545,33.59971429
880,880,0,1209.54,32.91872727,33.45857143
881,881,0,1204.98,32.81836364,33.32828571
882,882,0,1201.38,32.65527273,33.198
883,883,0,1197.76,32.52563636,33.10571429
884,884,0,1194.08,32.396,33.008
885,885,0,1189.06,32.28309091,32.88857143
886,886,0,1184.6,32.17436364,32.76914286
887,887,0,1181.68,32.06145455,32.66057143
888,888,0,1178.46,31.89,32.54657143
889,889,1,1177.98,32.60509091,32.46514286
890,890,1,1182.38,33.90563636,32.42171429
891,891,1,1188.28,35.03054545,32.438
892,892,1,1196.84,35.97981818,32.50314286
893,893,1,1206.44,36.69490909,32.62257143
894,894,1,1216.4,37.30545455,32.78
895,895,1,1224.56,37.85327273,32.97
896,896,1,1233.24,38.17109091,33.14371429
897,897,1,1242.46,38.54745455,33.32828571
898,898,1,1251.58,38.91127273,33.54
899,899,1,1259.9,39.17890909,33.73542857
900,900,1,1267.42,39.39636364,33.93628571
901,901,1,1274.06,39.61381818,34.09914286
902,902,1,1289.64,39.72672727,34.28371429
903,903,1,1293.72,40.01109091,34.47371429
904,904,1,1301.1,40.18254545,34.642
905,905,1,1310.24,40.29963636,34.83742857
906,906,1,1319.44,40.47527273,35.04371429
907,907,1,1328.74,40.71781818,35.23371429
908,908,0,1335.48,40.15327273,35.42914286
909,909,0,1334.86,38.99072727,35.56485714
910,910,0,1327.1,37.82818182,35.62457143
911,911,0,1317.9,36.87054545,35.592
912,912,0,1308.02,36.08854545,35.54857143
913,913,0,1296.26,35.48636364,35.46714286
914,914,0,1284.02,35.03054545,35.29885714
915,915,0,1270.86,34.60818182,35.11971429
916,916,0,1260.72,34.30709091,34.94057143
917,917,0,1250.9,34.03109091,34.75057143
918,918,0,1241.18,33.74672727,34.57142857
919,919,0,1230.22,33.5,34.376
920,920,0,1219.52,33.29090909,34.18057143
921,921,0,1210.32,33.086,33.96885714
922,922,0,1201.68,32.902,33.76257143
923,923,0,1193.98,32.77236364,33.56171429
924,924,0,1186.24,32.60509091,33.388
925,925,0,1180.44,32.45872727,33.20885714
926,926,0,1175.58,32.33327273,33.05142857
927,927,1,1173.52,32.95218182,32.92657143
928,928,1,1176.7,34.25272727,32.83428571
929,929,1,1181.76,35.46545455,32.80714286
930,930,1,1189.34,36.38545455,32.82342857
931,931,1,1198,37.16745455,32.894
932,932,1,1207.66,37.85327273,33.01885714
933,933,1,1216.52,38.32163636,33.17085714
934,934,1,1224.2,38.70218182,33.33371429
935,935,1,1233.44,39.04509091,33.51828571
936,936,1,1244.22,39.342,33.69742857
937,937,1,1253.34,39.58872727,33.91457143
938,938,1,1270.42,39.36709091,34.11542857
939,939,1,1277.24,39.39636364,34.37057143
940,940,1,1285.32,39.89818182,34.604
941,941,1,1292.74,40.24109091,34.79942857
942,942,1,1301.48,40.56727273,35.00028571
943,943,1,1309.9,40.71781818,35.18485714
944,944,1,1318.24,40.86836364,35.364
945,945,1,1328.54,41.02309091,35.54314286
946,946,1,1337.46,41.14854545,35.744
947,947,1,1345.86,41.33672727,35.91771429
948,948,1,1354.34,41.49563636,36.10228571
949,949,0,1359.54,40.93109091,36.24885714
950,950,0,1358.02,39.67236364,36.36285714
951,951,0,1350.92,38.47218182,36.40628571
952,952,0,1341.54,37.56472727,36.39542857
953,953,0,1329.8,36.76181818,36.34114286
954,954,0,1315.42,36.17218182,36.22714286
955,955,0,1301.68,35.67036364,36.06428571
956,956,0,1288.36,35.30654545,35.86885714
957,957,0,1275.16,34.98872727,35.68428571
958,958,0,1264.76,34.70018182,35.48342857
959,959,0,1253.98,34.47436364,35.30971429
960,960,0,1243.38,34.26945455,35.11428571
961,961,0,1233.36,34.06872727,34.92428571
962,962,0,1222.8,33.85127273,34.72342857
963,963,0,1213.64,33.73,34.528
964,964,0,1206.1,33.51672727,34.33257143
965,965,0,1198.46,33.37872727,34.16428571
966,966,0,1191.98,33.17381818,34.01771429
967,967,0,1185.02,33.01909091,33.87114286
968,968,0,1179.26,32.85181818,33.73
969,969,0,1173.16,32.68872727,33.58885714
970,970,0,1167.02,32.57581818,33.43685714
971,971,0,1160.92,32.45872727,33.26857143
972,972,1,1157.78,33.12363636,33.12742857
973,973,1,1158.96,34.43672727,33.02428571
974,974,1,1165.1,35.67036364,32.96457143
975,975,1,1174.02,36.64890909,32.99714286
976,976,1,1184,37.42254545,33.08942857
977,977,1,1193.36,38.07072727,33.236
978,978,1,1202.68,38.52236364,33.39885714
979,979,1,1220.6,38.91127273,33.59428571
980,980,1,1229.94,39.28763636,33.87114286
981,981,1,1236.5,39.53018182,34.072
982,982,1,1245.66,39.72672727,34.26742857
983,983,1,1253.68,39.92327273,34.46285714
984,984,1,1262.52,40.124,34.66914286
985,985,1,1270.88,40.29963636,34.84828571
986,986,1,1280.36,40.47527273,35.04371429
987,987,1,1288.22,40.62581818,35.23371429
988,988,1,1296.88,40.83909091,35.40742857
989,989,1,1304.86,41.02309091,35.592
990,990,1,1312.96,41.11509091,35.744
991,991,1,1321.66,41.33672727,35.92857143
992,992,1,1329.84,41.39945455,36.09685714
993,993,1,1338.02,41.56254545,36.27057143
994,994,1,1346.46,41.75490909,36.42257143
995,995,1,1354.26,41.85527273,36.57457143
996,996,1,1361.72,42.08945455,36.73742857
997,997,1,1366.6,42.18981818,36.85685714
998,998,1,1373.3,42.29018182,36.96542857
999,999,1,1379.88,42.39472727,37.10114286
1000,1000,1,1386.78,42.53272727,37.22057143
1001,1001,1,1394.56,42.67490909,37.33457143
1002,1002,1,1403.26,42.74181818,37.48657143
1003,1003,1,1409.44,42.88818182,37.62771429
1004,1004,1,1415.24,42.95927273,37.75257143
1005,1005,1,1421.74,43.17672727,37.87742857
1006,1006,1,1426.8,43.24781818,37.986
1007,1007,1,1433.02,43.436,38.09457143
1008,1008,1,1440.06,43.62418182,38.19771429
1009,1009,1,1446.08,43.81236364,38.32257143
1010,1010,0,1452.68,43.21436364,38.43114286
1011,1011,0,1450.88,41.92218182,38.54514286
1012,1012,0,1456.14,40.74709091,38.62114286
1013,1013,0,1438.56,39.69745455,38.632
1014,1014,0,1417.88,38.86109091,38.518
1015,1015,0,1400.28,38.17109091,38.38228571
1016,1016,0,1382.82,37.66090909,38.20314286
1017,1017,0,1364.76,37.25945455,37.99685714
1018,1018,0,1349.64,36.91654545,37.78514286
1019,1019,0,1334.54,36.60709091,37.57885714
1020,1020,0,1318.6,36.30181818,37.36171429
1021,1021,0,1302.84,36.06763636,37.12285714
1022,1022,0,1286.9,35.87527273,36.86771429
1023,1023,0,1270.92,35.67036364,36.58542857
1024,1024,0,1259.32,35.46545455,36.33571429
1025,1025,0,1247.74,35.28563636,36.124
1026,1026,0,1237.68,35.12672727,35.92314286
1027,1027,0,1226.82,34.98872727,35.73314286
1028,1028,0,1217.42,34.81727273,35.554
1029,1029,0,1207.82,34.68345455,35.36942857
1030,1030,0,1197.94,34.49527273,35.20114286
1031,1031,0,1188.84,34.39909091,35.01114286
1032,1032,0,1181.32,34.26945455,34.82114286
1033,1033,0,1174.46,34.12309091,34.68
1034,1034,0,1167.26,33.99763636,34.528
1035,1035,0,1158.78,33.87218182,34.38142857
1036,1036,0,1151.28,33.70909091,34.20228571
1037,1037,0,1145.36,33.57109091,34.034
1038,1038,0,1139.4,33.41218182,33.89285714
1039,1039,0,1133.24,33.24072727,33.74628571
1040,1040,0,1125.74,33.086,33.59428571
1041,1041,0,1120.7,32.95218182,33.44771429
1042,1042,0,1116.14,32.81836364,33.29571429
1043,1043,0,1110.46,32.672,33.15457143
1044,1044,1,1111.1,33.32854545,33.01885714
1045,1045,1,1118.76,34.64581818,32.97
1046,1046,1,1124.9,35.87527273,33.00257143
1047,1047,1,1131.88,36.94163636,33.05685714
1048,1048,1,1141,37.70690909,33.16542857
1049,1049,1,1149.74,38.32163636,33.30657143
1050,1050,1,1160.58,38.83181818,33.48571429
1051,1051,1,1170.2,39.17890909,33.67571429
1052,1052,1,1180.64,39.58872727,33.87114286
1053,1053,1,1189.64,39.78109091,34.072
1054,1054,1,1199,40.01109091,34.27828571
1055,1055,1,1208.6,40.21181818,34.48457143
1056,1056,1,1215.76,40.41672727,34.69085714
1057,1057,1,1224.3,40.59654545,34.85371429
1058,1058,1,1232.54,40.74709091,35.03285714
1059,1059,1,1240.1,40.96036364,35.20114286
1060,1060,1,1249.32,41.11509091,35.38571429
1061,1061,1,1257.38,41.24054545,35.56485714
1062,1062,1,1264.84,41.39945455,35.744
1063,1063,1,1271.78,41.52909091,35.896
1064,1064,1,1278.34,41.72145455,36.04257143
1065,1065,1,1285.32,41.92218182,36.2
1066,1066,1,1293.58,42.08945455,36.352
1067,1067,1,1301.64,42.22327273,36.51485714
1068,1068,1,1307.56,42.36127273,36.65057143
1069,1069,1,1315.76,42.53272727,36.79171429
1070,1070,1,1323.26,42.74181818,36.92742857
1071,1071,1,1331.36,42.81290909,37.08485714
1072,1072,1,1339.98,42.92163636,37.24228571
1073,1073,1,1348.54,43.13909091,37.42142857
1074,1074,1,1356.84,43.24781818,37.54628571
1075,1075,1,1364.06,43.36072727,37.72
1076,1076,0,1367.64,42.74181818,37.85571429
1077,1077,0,1364.46,41.49563636,37.948
1078,1078,0,1355.64,40.24109091,37.96428571
1079,1079,0,1344.02,39.204,37.95885714
1080,1080,0,1330.46,38.39690909,37.88285714
1081,1081,0,1316.88,37.82818182,37.77428571
1082,1082,0,1312.68,37.28454545,37.66028571
1083,1083,0,1297.76,36.84963636,37.53542857
1084,1084,0,1279.64,36.43145455,37.37257143
1085,1085,0,1262.66,36.19309091,37.17171429
1086,1086,0,1246.08,35.91709091,36.93828571
1087,1087,0,1232.18,35.73309091,36.67771429
1088,1088,0,1219.46,35.48636364,36.44971429
1089,1089,0,1207.46,35.32745455,36.238
1090,1090,0,1195.78,35.14763636,36.02085714
1091,1091,0,1185.62,34.972,35.83085714
1092,1092,0,1175.44,34.81727273,35.64628571
1093,1093,0,1163.32,34.66254545,35.44542857
1094,1094,0,1153.74,34.512,35.25542857
1095,1095,0,1141.36,34.38236364,35.03828571
1096,1096,0,1134.12,34.26945455,34.832
1097,1097,0,1127,34.12309091,34.65828571
1098,1098,0,1119.56,33.96,34.49
1099,1099,0,1112.64,33.83454545,34.33257143
1100,1100,0,1105.84,33.70909091,34.17514286
1101,1101,0,1099.62,33.60454545,34.034
1102,1102,0,1094.06,33.37872727,33.86028571
1103,1103,0,1088.46,33.24072727,33.73
1104,1104,0,1083.28,33.086,33.60514286
1105,1105,0,1078.34,32.902,33.47485714
1106,1106,0,1074.44,32.80581818,33.36628571
1107,1107,1,1071.7,33.5,33.25228571
1108,1108,1,1075.7,34.834,33.19257143
1109,1109,1,1082.76,36.08854545,33.17628571
1110,1110,1,1091.44,37.14654545,33.21971429
1111,1111,1,1101.1,37.89927273,33.32285714
1112,1112,1,1110.1,38.49727273,33.45857143
1113,1113,1,1119.04,38.96563636,33.59971429
1114,1114,1,1129.32,39.342,33.75714286
1115,1115,1,1137.96,39.64309091,33.94171429
1116,1116,1,1146.32,39.89818182,34.10457143
1117,1117,1,1155.84,40.124,34.30542857
1118,1118,1,1165.64,40.29963636,34.50085714
1119,1119,1,1172.98,40.538,34.68542857
1120,1120,1,1179.26,40.71781818,34.84828571
1121,1121,1,1185.4,40.89763636,34.99485714
1122,1122,1,1192.08,41.05236364,35.136
1123,1123,1,1200.8,41.21127273,35.288
1124,1124,1,1219.12,40.15327273,35.49971429
1125,1125,1,1225.24,40.96036364,35.72228571
1126,1126,1,1233,41.46218182,35.92857143
1127,1127,0,1238.5,41.14854545,36.10228571
1128,1128,0,1237.14,39.95254545,36.24885714
1129,1129,0,1229.82,38.75654545,36.352
1130,1130,0,1218.24,37.70690909,36.34114286
1131,1131,0,1207.18,36.94163636,36.29771429
1132,1132,0,1195.08,36.30181818,36.2
1133,1133,0,1182.82,35.85436364,36.086
1134,1134,0,1171.28,35.46545455,35.92857143
1135,1135,0,1159.26,35.16854545,35.77114286
1136,1136,0,1148.54,34.87581818,35.60828571
1137,1137,1,1139.32,35.46545455,35.44
1138,1138,1,1137.36,36.76181818,35.288
1139,1139,1,1141.34,37.89927273,35.18485714
1140,1140,1,1147.68,38.80672727,35.14685714
1141,1141,1,1155.92,39.50509091,35.16314286
1142,1142,1,1163.26,40.06963636,35.212
1143,1143,1,1171.74,40.47527273,35.288
1144,1144,1,1178.66,40.86836364,35.39657143
1145,1145,1,1189.22,41.17781818,35.50514286
1146,1146,1,1199.4,41.37018182,35.67885714
1147,1147,1,1206.12,41.69218182,35.83085714
1148,1148,1,1214.12,41.85527273,35.972
1149,1149,1,1223.94,42.02254545,36.12942857
1150,1150,1,1233.18,42.18981818,36.30857143
1151,1151,1,1241.72,42.39472727,36.47685714
1152,1152,1,1249.42,42.53272727,36.64514286
1153,1153,1,1254.02,42.70836364,36.79171429
1154,1154,1,1271.72,42.88818182,36.922
1155,1155,1,1280.08,42.88818182,37.12828571
1156,1156,1,1284.6,43.068,37.29114286
1157,1157,1,1290.98,43.24781818,37.44314286
1158,1158,1,1298.28,43.436,37.58971429
1159,1159,1,1306,43.51127273,37.74171429
1160,1160,1,1313.62,43.66181818,37.88828571
1161,1161,0,1317.56,43.068,38.01314286
1162,1162,0,1314.74,41.82181818,38.12714286
1163,1163,0,1305.64,40.538,38.15971429
1164,1164,0,1292.16,39.53018182,38.138
1165,1165,0,1277.22,38.67709091,38.062
1166,1166,0,1260.92,38.04563636,37.93171429
1167,1167,0,1245.22,37.51872727,37.76342857
1168,1168,0,1230.58,37.10054545,37.57342857
1169,1169,0,1216.46,36.76181818,37.39428571
1170,1170,0,1202.62,36.47327273,37.20971429
1171,1171,0,1188.4,36.19309091,37.00342857
1172,1172,0,1175.1,35.95890909,36.78628571
1173,1173,0,1162.16,35.77490909,36.56914286
1174,1174,0,1150.1,35.54909091,36.36285714
1175,1175,0,1138.98,35.36509091,36.14571429
1176,1176,0,1127.7,35.18527273,35.93942857
1177,1177,0,1116.82,34.98872727,35.744
1178,1178,0,1106.9,34.87581818,35.54857143
1179,1179,0,1097.98,34.70018182,35.35314286
1180,1180,0,1089.18,34.58727273,35.19028571
1181,1181,0,1079.54,34.43672727,35.01114286
1182,1182,0,1071.9,34.29036364,34.832
1183,1183,0,1064,34.13981818,34.67457143
1184,1184,0,1055.96,34.03109091,34.48457143
1185,1185,0,1048.42,33.90563636,34.32171429
1186,1186,0,1042.06,33.76345455,34.17514286
1187,1187,0,1035.02,33.60454545,34.00142857
1188,1188,0,1029.82,33.5,33.85485714
1189,1189,1,1026.44,34.17745455,33.73
1190,1190,1,1029.68,35.58672727,33.616
1191,1191,1,1037.62,36.82872727,33.58885714
1192,1192,1,1045.5,37.80309091,33.62685714
1193,1193,1,1065.58,38.54745455,33.72457143
1194,1194,1,1074.62,39.07018182,33.90371429
1195,1195,1,1081.32,39.58872727,34.072
1196,1196,1,1090.46,39.92327273,34.22942857
1197,1197,1,1099.96,40.27036364,34.40857143
1198,1198,1,1108.68,40.538,34.59857143
1199,1199,1,1119.2,40.77636364,34.78314286
1200,1200,1,1128.18,41.02309091,34.97857143
1201,1201,1,1134.42,41.21127273,35.14142857
1202,1202,1,1140.06,41.37018182,35.288
1203,1203,1,1146.76,41.56254545,35.43457143
1204,1204,1,1153.74,41.82181818,35.57571429
1205,1205,1,1162.1,41.92218182,35.71142857
1206,1206,1,1169.36,42.02254545,35.87428571
1207,1207,1,1178.58,42.29018182,36.03171429
1208,1208,1,1187.6,42.49927273,36.22714286
1209,1209,1,1193.86,42.53272727,36.37371429
1210,1210,1,1201.22,42.74181818,36.53114286
1211,1211,1,1208.5,42.88818182,36.694
1212,1212,1,1215.32,43.03036364,36.82428571
1213,1213,1,1224.44,43.17672727,36.97628571
1214,1214,1,1233.24,43.28545455,37.12828571
1215,1215,1,1238.48,43.62418182,37.26942857
1216,1216,1,1244.36,43.89181818,37.42142857
1217,1217,1,1249.64,44.126,37.58428571
1218,1218,0,1252.44,43.54890909,37.70914286
1219,1219,0,1250.28,42.36127273,37.796
1220,1220,0,1243.06,41.02309091,37.85571429
1221,1221,0,1232.7,39.83963636,37.85028571
1222,1222,0,1220.2,39.04509091,37.796
1223,1223,0,1206.7,38.34672727,37.70914286
1224,1224,0,1191.78,37.778,37.58428571
1225,1225,0,1178.66,37.35145455,37.39428571
1226,1226,0,1165.46,36.91654545,37.22057143
1227,1227,0,1150.88,36.64890909,37.01971429
1228,1228,0,1135.52,36.36454545,36.80257143
1229,1229,0,1123.06,36.08854545,36.57457143
1230,1230,0,1111.24,35.87527273,36.352
1231,1231,0,1098.9,35.69127273,36.12942857
1232,1232,0,1089.18,35.46545455,35.91771429
1233,1233,0,1080.44,35.386,35.744
1234,1234,0,1077.22,35.12672727,35.56485714
1235,1235,0,1070.94,34.972,35.43457143
1236,1236,0,1059.74,34.75872727,35.25
1237,1237,0,1047.2,34.57054545,35.09257143
1238,1238,0,1036.22,34.43672727,34.86457143
1239,1239,0,1027.8,34.29036364,34.69085714
1240,1240,0,1020.54,34.12309091,34.50628571
1241,1241,0,1014.46,33.99763636,34.34885714
1242,1242,0,1009.34,33.87218182,34.20771429
1243,1243,0,1002.56,33.73,34.072
1244,1244,0,996.22,33.58781818,33.94171429
1245,1245,0,990.76,33.5,33.78428571
1246,1246,0,985.82,33.32854545,33.66485714
1247,1247,0,980.94,33.17381818,33.52371429
1248,1248,0,976.22,33.06927273,33.40428571
1249,1249,0,970.4,32.93545455,33.29571429
1250,1250,0,966.62,32.73890909,33.14371429
1251,1251,1,963.78,33.41218182,33.01885714
1252,1252,1,965.96,34.834,32.92114286
1253,1253,1,971.32,36.08854545,32.894
1254,1254,1,977.16,37.07545455,32.894
1255,1255,1,985.1,37.85327273,32.92657143
1256,1256,1,994.04,38.39690909,33.02428571
1257,1257,1,1004.04,38.91127273,33.14371429
1258,1258,1,1015.22,39.25836364,33.31742857
1259,1259,1,1023.44,39.58872727,33.50742857
1260,1260,1,1033.06,39.89818182,33.69742857
1261,1261,1,1042.78,40.124,33.87114286
1262,1262,1,1052.66,40.35818182,34.08285714
1263,1263,1,1062,40.538,34.30542857
1264,1264,1,1071.5,40.74709091,34.52257143
1265,1265,1,1081.48,41.02309091,34.74514286
1266,1266,1,1091.42,41.21127273,34.95685714
1267,1267,1,1099.82,41.46218182,35.16857143
1268,1268,1,1103.82,41.69218182,35.33685714
1269,1269,1,1108.74,42.02254545,35.49971429
1270,1270,1,1114.04,42.22327273,35.65171429
1271,1271,1,1119.5,42.42818182,35.79285714
1272,1272,1,1125.92,42.53272727,35.92857143
1273,1273,1,1132.52,42.70836364,36.06971429
1274,1274,1,1144.98,42.85054545,36.20542857
1275,1275,1,1156.08,43.068,36.39542857
1276,1276,1,1158.68,43.068,36.54742857
1277,1277,1,1164.8,43.28545455,36.68314286
1278,1278,1,1170.12,43.436,36.82971429
1279,1279,1,1173.86,43.51127273,36.96
1280,1280,1,1179.36,43.66181818,37.06314286
1281,1281,1,1186.52,43.85,37.17714286
1282,1282,1,1192.12,44.04654545,37.30742857
1283,1283,1,1197.84,44.20545455,37.42142857
1284,1284,1,1204.46,44.20545455,37.54085714
1285,1285,1,1210.22,44.402,37.66028571
1286,1286,1,1217.92,44.56509091,37.79057143
1287,1287,1,1224.44,44.72818182,37.90457143
1288,1288,1,1229.16,44.81181818,38.024
1289,1289,1,1234.5,45.02090909,38.12714286
1290,1290,1,1239.38,45.06272727,38.23028571
1291,1291,1,1246.26,45.15054545,38.33342857
1292,1292,0,1249.5,44.56509091,38.45828571
1293,1293,0,1244.82,43.24781818,38.518
1294,1294,0,1236.68,41.95563636,38.51257143
1295,1295,0,1226.26,40.86836364,38.49628571
1296,1296,0,1212.44,39.98181818,38.43114286
1297,1297,0,1197.86,39.25836364,38.32257143
1298,1298,0,1183.6,38.73145455,38.176
1299,1299,0,1167.18,38.19618182,38.00228571
1300,1300,0,1151.72,37.82818182,37.78514286
1301,1301,0,1139.44,37.53963636,37.568
1302,1302,0,1126.18,37.23854545,37.38885714
1303,1303,0,1112.86,36.96254545,37.21514286
1304,1304,0,1100.38,36.78272727,37.00342857
1305,1305,0,1088.34,36.51927273,36.80257143
1306,1306,0,1076.62,36.30181818,36.60171429
1307,1307,0,1064.64,36.19309091,36.37914286
1308,1308,0,1055.78,35.95890909,36.17828571
1309,1309,0,1044.94,35.81254545,35.98285714
1310,1310,0,1035.8,35.64945455,35.782
1311,1311,0,1033.7,35.46545455,35.60828571
1312,1312,0,1027.36,35.36509091,35.46714286
1313,1313,0,1016.5,35.11,35.33142857
1314,1314,0,1007.34,34.972,35.174
1315,1315,0,999.62,34.77963636,35.02742857
1316,1316,1,993.8,35.36509091,34.87
1317,1317,1,994.32,36.73672727,34.75057143
1318,1318,1,999.88,38.17109091,34.68542857
1319,1319,1,1007.6,39.28763636,34.66914286
1320,1320,1,1017.36,40.18254545,34.718
1321,1321,1,1027.96,40.77636364,34.80485714
1322,1322,1,1037.56,41.274,34.94057143
1323,1323,1,1046.76,41.69218182,35.09257143
1324,1324,1,1055.52,42.02254545,35.24457143
1325,1325,1,1064.24,42.29018182,35.402
1326,1326,1,1074.12,42.46163636,35.54314286
1327,1327,1,1082.66,42.77945455,35.73314286
1328,1328,1,1089.86,42.95927273,35.88514286
1329,1329,1,1095.6,43.17672727,36.02628571
1330,1330,1,1101.76,43.24781818,36.162
1331,1331,1,1110.26,43.436,36.28685714
1332,1332,1,1119.38,43.62418182,36.44428571
1333,1333,1,1128.08,43.81236364,36.62342857
1334,1334,0,1132.54,43.24781818,36.78085714
1335,1335,0,1128.32,41.92218182,36.87857143
1336,1336,0,1121.92,40.68436364,36.90571429
1337,1337,0,1113.4,39.58872727,36.90028571
1338,1338,0,1103.58,38.78163636,36.86228571
1339,1339,0,1092.2,38.04563636,36.79171429
1340,1340,0,1081.36,37.53963636,36.66685714
1341,1341,0,1069.58,37.02945455,36.54742857
1342,1342,0,1058.62,36.64890909,36.40085714
1343,1343,0,1048.24,36.30181818,36.24342857
1344,1344,0,1037.48,36.08854545,36.07514286
1345,1345,0,1027.96,35.85436364,35.92314286
1346,1346,0,1017.78,35.58672727,35.744
1347,1347,0,1008.4,35.386,35.58657143
1348,1348,0,999.6,35.22709091,35.42371429
1349,1349,0,990.8,35.00963636,35.24457143
1350,1350,0,981.94,34.834,35.08171429
1351,1351,0,975.1,34.68345455,34.908
1352,1352,0,967.26,34.49527273,34.74514286
1353,1353,0,965.6,34.36145455,34.59314286
1354,1354,0,964.18,34.23181818,34.51171429
1355,1355,0,955.72,34.052,34.39771429
1356,1356,1,949.72,34.70018182,34.27828571
1357,1357,1,951.62,36.08854545,34.15885714
1358,1358,1,957.4,37.37654545,34.11542857
1359,1359,1,965.64,38.39690909,34.12085714
1360,1360,1,974.08,39.31272727,34.20228571
1361,1361,1,983.44,39.98181818,34.29457143
1362,1362,1,992.8,40.538,34.43028571
1363,1363,1,1001.98,40.89763636,34.57685714
1364,1364,1,1010.54,41.21127273,34.756
1365,1365,1,1019.3,41.56254545,34.89714286
1366,1366,1,1028.6,41.78836364,35.07085714
1367,1367,1,1037.8,41.98909091,35.25542857
1368,1368,1,1045.4,42.25672727,35.41828571
1369,1369,1,1054.06,42.46163636,35.58114286
1370,1370,1,1063.04,42.60381818,35.73314286
1371,1371,1,1070.5,42.77945455,35.91228571
1372,1372,1,1079.54,42.88818182,36.07514286
1373,1373,1,1087.2,43.068,36.24342857
1374,1374,1,1093.5,43.24781818,36.39542857
1375,1375,1,1102.5,43.436,36.54742857
1376,1376,1,1109.02,43.54890909,36.71028571
1377,1377,1,1115.14,43.73709091,36.82971429
1378,1378,1,1119.36,43.89181818,36.922
1379,1379,1,1124.28,43.96709091,37.04685714
1380,1380,1,1125.44,44.20545455,37.15
1381,1381,1,1128.9,44.36436364,37.23685714
1382,1382,1,1133.08,44.56509091,37.37257143
1383,1383,1,1137.98,44.72818182,37.47028571
1384,1384,0,1141.54,44.126,37.606
1385,1385,0,1138.38,42.81290909,37.682
1386,1386,0,1134.16,41.52909091,37.69828571
1387,1387,0,1126.82,40.41672727,37.682
1388,1388,0,1116.96,39.47581818,37.62771429
1389,1389,0,1102.56,38.80672727,37.53542857
1390,1390,0,1091.7,38.22127273,37.39971429
1391,1391,0,1079.28,37.75709091,37.24228571
1392,1392,0,1064.4,37.35145455,37.09028571
1393,1393,0,1052.24,37.07545455,36.88942857
1394,1394,0,1041.3,36.76181818,36.694
1395,1395,0,1030.02,36.51927273,36.53657143
1396,1396,0,1031.22,36.30181818,36.36285714
1397,1397,0,1019.22,36.08854545,36.21628571
1398,1398,0,1007.7,35.87527273,36.05342857
1399,1399,0,997.12,35.67036364,35.89057143
1400,1400,0,988.34,35.46545455,35.72228571
1401,1401,0,979.62,35.34418182,35.56485714
1402,1402,0,970.36,35.20618182,35.402
1403,1403,0,962.46,35.00963636,35.23371429
1404,1404,0,954.78,34.85490909,35.08171429
1405,1405,0,947.18,34.72109091,34.91342857
1406,1406,0,938.94,34.512,34.73971429
1407,1407,0,930.68,34.45763636,34.56057143
1408,1408,0,923.12,34.26945455,34.38685714
1409,1409,0,916.52,34.12309091,34.224
1410,1410,0,909.48,33.96,34.06657143
1411,1411,0,903.88,33.83454545,33.88742857
1412,1412,0,898.46,33.65890909,33.74628571
1413,1413,1,896.04,34.34472727,33.59971429
1414,1414,1,899.42,35.77490909,33.50742857
1415,1415,1,906.92,36.96254545,33.464
1416,1416,1,917.28,37.99963636,33.48571429
1417,1417,1,927.96,38.83181818,33.578
1418,1418,1,936.54,39.45072727,33.70285714
1419,1419,1,946.18,40.01109091,33.85485714
1420,1420,1,954.32,40.47527273,34.04485714
1421,1421,1,961.96,40.80563636,34.21314286
1422,1422,1,968.84,41.14854545,34.38685714
1423,1423,1,975.74,41.39945455,34.54971429
1424,1424,1,983.14,41.62527273,34.70714286
1425,1425,1,990.04,41.82181818,34.87
1426,1426,1,995.44,42.056,35.01114286
1427,1427,1,1002.5,42.29018182,35.14142857
1428,1428,1,1009.04,42.36127273,35.30428571
1429,1429,1,1013.86,42.53272727,35.42914286
1430,1430,1,1021.26,42.70836364,35.53228571
1431,1431,1,1030.36,42.81290909,35.68428571
1432,1432,1,1038.68,43.03036364,35.87971429
1433,1433,1,1047.16,43.21436364,36.048
1434,1434,1,1054.34,43.39836364,36.22714286
1435,1435,1,1074,43.47363636,36.38457143
1436,1436,1,1079.8,43.69945455,36.59085714
1437,1437,1,1081.3,43.81236364,36.74285714
1438,1438,1,1082.6,44.00890909,36.86228571
1439,1439,1,1083.76,44.20545455,36.98714286
1440,1440,1,1088.66,44.36436364,37.08485714
1441,1441,1,1093.18,44.48563636,37.19885714
1442,1442,1,1097.9,44.64872727,37.302
1443,1443,1,1102.96,44.81181818,37.42142857
1444,1444,1,1108.16,44.89545455,37.53542857
1445,1445,1,1113.22,45.06272727,37.63314286
1446,1446,0,1115.72,44.44381818,37.74171429
1447,1447,0,1113.1,43.17672727,37.796
1448,1448,0,1109.3,41.85527273,37.82314286
1449,1449,0,1102.76,40.77636364,37.79057143
1450,1450,0,1093.48,39.83963636,37.73085714
1451,1451,0,1082.3,39.12454545,37.64942857
1452,1452,0,1069.2,38.54745455,37.50828571
1453,1453,0,1058.4,38.07072727,37.36714286
1454,1454,0,1047.18,37.66090909,37.23685714
1455,1455,0,1035.16,37.35145455,37.074
1456,1456,0,1023.02,37.07545455,36.90028571
1457,1457,0,1011.74,36.78272727,36.71028571
1458,1458,0,1002,36.60709091,36.52028571
1459,1459,0,991.28,36.32272727,36.314
1460,1460,0,982.06,36.17218182,36.15114286
1461,1461,0,972.9,36.00072727,35.98828571
1462,1462,0,964.4,35.77490909,35.83085714
1463,1463,0,956.04,35.67036364,35.67885714
1464,1464,0,947.44,35.46545455,35.51057143
1465,1465,0,939.9,35.30654545,35.326
1466,1466,0,932.5,35.18527273,35.16857143
1467,1467,0,924.36,35.03054545,35.00571429
1468,1468,0,917.74,34.87581818,34.85371429
1469,1469,1,912.86,35.54909091,34.70714286
1470,1470,1,913.24,36.96254545,34.59314286
1471,1471,1,917.62,38.27145455,34.51171429
1472,1472,1,925.52,39.31272727,34.48457143
1473,1473,1,933.52,40.15327273,34.50628571
1474,1474,1,943.06,40.74709091,34.59314286
1475,1475,1,950.32,41.21127273,34.68
1476,1476,1,959.96,41.65872727,34.80485714
1477,1477,1,970.18,42.02254545,34.93514286
1478,1478,1,980.46,42.18981818,35.11428571
1479,1479,1,989.06,42.39472727,35.288
1480,1480,1,998.58,42.67490909,35.46171429
1481,1481,1,1007.1,42.88818182,35.64085714
1482,1482,1,1015.24,43.068,35.82
1483,1483,1,1036.28,43.24781818,36.02085714
1484,1484,1,1037.78,43.436,36.22714286
1485,1485,1,1040.86,43.62418182,36.39542857
1486,1486,1,1046.52,43.89181818,36.542
1487,1487,1,1051.78,44.00890909,36.69942857
1488,1488,1,1056.46,44.126,36.85142857
1489,1489,1,1060.72,44.36436364,36.96
1490,1490,1,1067.58,44.56509091,37.074
1491,1491,1,1074.36,44.64872727,37.20428571
1492,1492,1,1080.1,44.77,37.33457143
1493,1493,1,1109.9,44.81181818,37.43228571
1494,1494,1,1115.62,44.69054545,37.62771429
1495,1495,1,1123.54,44.77,37.80142857
1496,1496,1,1126.2,44.81181818,37.93714286
1497,1497,1,1132.74,45.02090909,38.01857143
1498,1498,0,1139.34,44.402,38.14342857
1499,1499,0,1136.18,43.10145455,38.22485714
